{"ATE": 0.011171812074415644, "ATT": 0.011151488033375179}