{"ATE_all": 0.009808679962736933, "ATT_all": 0.00980197497068358, "ATE_test": 0.011171812074415644, "ATT_test": 0.011151488033375179}