{"ATE": 0.06217650088579807, "ATT": 0.06217650088579807}