{"ATE_all": 0.06217650088579807, "ATT_all": 0.06217650088579807, "ATE_test": 0.06217650088579807, "ATT_test": 0.06217650088579807}